Symbol,Name
0001.HK,CKH HOLDINGS
0002.HK,CLP HOLDINGS
0003.HK,HK & CHINA GAS
0005.HK,HSBC HOLDINGS
0006.HK,POWER ASSETS
0011.HK,HANG SENG BANK
0012.HK,HENDERSON LAND
0016.HK,SHK PPT
0017.HK,NEW WORLD DEV
0027.HK,GALAXY ENT
0066.HK,MTR CORPORATION
0101.HK,HANG LUNG PPT
0175.HK,GEELY AUTO
0241.HK,ALI HEALTH
0267.HK,CITIC
0288.HK,WH GROUP
0291.HK,CHINA RES BEER
0386.HK,SINOPEC CORP
0388.HK,HKEX
0669.HK,TECHTRONIC IND
0688.HK,CHINA OVERSEAS
0700.HK,TENCENT
0762.HK,CHINA UNICOM
0823.HK,LINK REIT
0857.HK,PETROCHINA
0868.HK,XINYI GLASS
0883.HK,CNOOC
0939.HK,CCB
0941.HK,CHINA MOBILE
0960.HK,LONGFOR GROUP
0968.HK,XINYI SOLAR
0992.HK,LENOVO GROUP
1038.HK,CKI HOLDINGS
1044.HK,HENGAN INT'L
1093.HK,CSPC PHARMA
1109.HK,CHINA RES LAND
1113.HK,CK ASSET
1177.HK,SINO BIOPHARM
1211.HK,BYD COMPANY
1299.HK,AIA
1398.HK,ICBC
1810.HK,XIAOMI-W
1876.HK,BUD APAC
1928.HK,SANDS CHINA LTD
1997.HK,WHARF REIC
2007.HK,COUNTRY GARDEN
2018.HK,AAC TECH
2020.HK,ANTA SPORTS
2269.HK,WUXI BIO
2313.HK,SHENZHOU INTL
2318.HK,PING AN
2319.HK,MENGNIU DAIRY
2331.HK,LI NING
2382.HK,SUNNY OPTICAL
2388.HK,BOC HONG KONG
2628.HK,CHINA LIFE
2688.HK,ENN ENERGY
3690.HK,MEITUAN-W
3968.HK,CM BANK
3988.HK,BANK OF CHINA
6098.HK,CG SERVICES
6862.HK,HAIDILAO
9618.HK,JD-SW
9633.HK,NONGFU SPRING
9988.HK,BABA-SW
9999.HK,NTES-S
A,Agilent Technologies Inc
AAL,American Airlines Group Inc
AAP,Advance Auto Parts Inc
AAPL,Apple Inc
ABBV,Abbvie Inc
ABC,AmerisourceBergen Corp
ABMD,Abiomed Inc
ABT,Abbott Laboratories
ACN,Accenture Plc Class A
ADBE,Adobe Inc
ADI,Analog Devices Inc
ADM,Archer-Daniels-Midland Company
ADP,Automatic Data Processing Inc
ADSK,Autodesk Inc
AEE,Ameren Corp
AEP,American Electric Power Inc
AES,AES Corp
AFL,Aflac Inc
AIG,American International Group Inc
AIZ,Assurant Inc
AJG,Arthur J Gallagher
AKAM,Akamai Technologies Inc
ALB,Albemarle Corp
ALGN,Align Technology Inc
ALK,Alaska Air Group Inc
ALL,Allstate Corp
ALLE,Allegion PLC
AMAT,Applied Material Inc
AMCR,Amcor plc
AMD,Advanced Micro Devices Inc
AME,Ametek Inc
AMGN,Amgen Inc
AMP,Ameriprise Finance Inc
AMT,American Tower Corporation
AMZN,Amazon.Com Inc.
ANET,Arista Networks Inc
ANSS,Ansys Inc
ANTM,Anthem Inc
AON,Aon Plc
AOS,A O Smith Corp
APA,Apache Corp
APD,Air Products And Chemicals Inc
APH,Amphenol Corp
APTV,Aptiv Plc
ARE,"Alexandria Real Estate Equities, Inc"
ATO,Atmos Energy Corp
ATVI,Activision Blizzard Inc
AVB,"AvalonBay Communities, Inc"
AVGO,Broadcom Inc.
AVY,Avery Dennison Corp
AWK,American Water Works Inc
AXP,American Express
AZO,Autozone Inc
BA,Boeing
BAC,Bank of America Corp
BAX,Baxter International Inc
BBWI,"Bath & Body Works, Inc."
BBY,Best Buy Inc
BDX,Becton Dickinson
BEN,Franklin Resources Inc
BF-B,Brown Forman Inc Class B
BIIB,Biogen Inc
BIO,Bio Rad Laboratories Inc Class A
BK,Bank Of New York Mellon Corp
BKNG,Booking Holdings Inc
BKR,Baker Hughes Company Class A
BLK,Blackrock Inc
BLL,Ball Corp
BMY,Bristol Myers Squibb
BR,Broadridge Financial Solutions Inc
BRK-B,Berkshire Hathaway Inc. Class B
BRO,Brown & Brown Inc
BSX,Boston Scientific Corp
BWA,BorgWarner Inc
BXP,"Boston Properties, Inc"
C,Citigroup Inc
CAG,Conagra Brands Inc
CAH,Cardinal Health Inc
CARR,Carrier Global Corporation
CAT,Caterpillar Inc
CB,Chubb Ltd
CBOE,"Cboe Global Markets, Inc."
CBRE,CBRE Group Inc
CCI,Crown Castle International Corp.
CCL,Carnival Corp
CDAY,Ceridian HCM Holding Inc.
CDNS,Cadence Design Systems Inc
CDW,CDW Corp
CE,Celanese Corporation
CEG,Constellation Energy Corporation
CERN,Cerner Corp
CF,CF Industries Holdings Inc
CFG,Citizens Financial Group Inc
CHD,Church And Dwight Inc
CHRW,"C.H. Robinson Worldwide, Inc."
CHTR,Charter Communications Inc Class A
CI,Cigna Corp
CINF,Cincinnati Financial Corp
CL,Colgate-Palmolive
CLX,Clorox
CMA,Comerica Inc
CMCSA,Comcast A Corp
CME,CME Group Inc Class A
CMG,Chipotle Mexican Grill Inc
CMI,Cummins Inc
CMS,CMS Energy Corp
CNC,Centene Corp
CNP,Centerpoint Energy Inc
COF,Capital One Financial Corp
COO,"Cooper Companies, Inc."
COP,ConocoPhillips
COST,Costco Wholesale Corp
CPB,Campbell Soup
CPRT,Copart Inc
CRL,Charles River Laboratories International
CRM,Salesforce.Com Inc
CSCO,Cisco Systems Inc
CSX,CSX Corp
CTAS,Cintas Corp
CTLT,Catalent Inc
CTRA,Coterra Energy Inc.
CTSH,Cognizant Technology Solutions
CTVA,"Corteva, Inc."
CTXS,Citrix Systems Inc
CVS,CVS Health Corp
CVX,Chevron Corp
CZR,Caesars Entertainment Corp
D,Dominion Energy Inc
DAL,Delta Air Lines Inc
DD,"DuPont de Nemours, Inc."
DE,Deere & Company
DFS,Discover Financial Services
DG,Dollar General Corp
DGX,Quest Diagnostics Inc
DHI,D R Horton Inc
DHR,Danaher Corp
DIS,Walt Disney
DISCA,Discovery Communications Inc Series A
DISCK,"Discovery Communications, Inc. - Series C"
DISH,Dish Network Corp Class A
DLR,"Digital Realty Trust, Inc"
DLTR,Dollar Tree Inc
DOV,Dover Corp
DOW,Dow Inc.
DPZ,Dominos Pizza Inc
DRE,Duke Realty Corporation
DRI,Darden Restaurants Inc
DTE,DTE Energy
DUK,Duke Energy Corp
DVA,Davita Inc
DVN,Devon Energy Corp
DXC,DXC Technology Company
DXCM,Dexcom Inc
EA,Electronic Arts Inc
EBAY,Ebay Inc
ECL,Ecolab Inc
ED,Consolidated Edison Inc
EFX,Equifax Inc
EIX,Edison International
EL,Estee Lauder Inc Class A
EMN,Eastman Chemical
EMR,Emerson Electric
ENPH,Enphase Energy Inc
EOG,EOG Resources Inc
EPAM,Epam Systems Inc
EQIX,"Equinix, Inc."
EQR,Equity Residential
ES,Eversource Energy
ESS,"Essex Property Trust, Inc"
ETN,"Eaton Corporation, PLC"
ETR,Entergy Corp
ETSY,Etsy Inc
EVRG,Evergy Inc
EW,Edwards Lifesciences Corp
EXC,Exelon Corp
EXPD,Expeditors International Of Washington
EXPE,Expedia Inc
EXR,Extra Space Storage Inc
F,Ford Motor Company
FANG,Diamondback Energy Inc
FAST,Fastenal
FB,Facebook Inc Class A
FBHS,Fortune Brands Home And Security
FCX,"Freeport-McMoRan, Inc."
FDS,Factset Research Systems Inc
FDX,FedEx Corporation
FE,Firstenergy Corp
FFIV,F5 Networks Inc
FIS,Fidelity National Information Services
FISV,Fiserv Inc
FITB,Fifth Third Bancorp
FLT,Fleetcor Technologies Inc
FMC,FMC Corp
FOX,Fox Corporation Class B
FOXA,Fox Corporation Class A
FRC,First Republic Bank
FRT,Federal Realty Investment Trust
FTNT,Fortinet Inc
FTV,Fortive Corp
GD,General Dynamics Corp
GE,General Electric
GILD,Gilead Sciences Inc
GIS,General Mills Inc
GL,Globe Life Inc.
GLW,Corning Inc
GM,General Motors
GNRC,Generac Holdings Inc
GOOG,Alphabet Inc Class C
GOOGL,Alphabet Inc Class A
GPC,Genuine Parts
GPN,Global Payments Inc
GRMN,Garmin Ltd
GS,Goldman Sachs Group Inc
GWW,W.W. Grainger Inc
HAL,Halliburton
HAS,Hasbro Inc
HBAN,Huntington Bancshares Inc
HCA,"HCA Healthcare, Inc."
HD,Home Depot Inc
HES,Hess Corp
HIG,Hartford Financial Services Group
HII,Huntington Ingalls Industries Inc
HLT,Hilton Worldwide Holdings Inc
HOLX,Hologic Inc
HON,Honeywell International Inc
HPE,Hewlett Packard Enterprise
HPQ,HP Inc
HRL,Hormel Foods Corp
HSIC,Henry Schein Inc
HST,"Host Hotels & Resorts, Inc"
HSY,Hershey Foods
HUM,Humana Inc
HWM,Howmet Aerospace Inc.
IBM,International Business Machines Co
ICE,Intercontinental Exchange Inc
IDXX,Idexx Laboratories Inc
IEX,IDEX Corp
IFF,International Flavors & Fragrances
ILMN,Illumina Inc
INCY,Incyte Corp
INTC,Intel Corporation Corp
INTU,Intuit Inc
IP,International Paper
IPG,Interpublic Group Of Companies Inc
IPGP,IPG Photonics Corp
IQV,"IQVIA Holdings, Inc."
IR,Ingersoll Rand Plc
IRM,Iron Mountain Incorporated
ISRG,Intuitive Surgical Inc
IT,Gartner Inc
ITW,Illinois Tool Inc
IVZ,Invesco Ltd
J,Jacobs Engineering Group Inc.
JBHT,JB Hunt Transport Services Inc
JCI,Johnson Controls International Plc
JKHY,"Jack Henry & Associates, Inc."
JNJ,Johnson & Johnson
JNPR,Juniper Networks Inc
JPM,JP Morgan Chase & Co
K,Kellogg
KEY,Keycorp
KEYS,Keysight Technologies Inc
KHC,Kraft Heinz
KIM,Kimco Realty Corporation
KLAC,KLA-Tencor Corporation
KMB,Kimberly Clark Corp
KMI,Kinder Morgan Inc
KMX,Carmax Inc
KO,Coca-Cola
KR,Kroger
L,Loews Corp
LDOS,Leidos Holdings Inc
LEN,Lennar Corporation Class A
LH,Laboratory Corporation Of America
LHX,"L3Harris Technologies, Inc."
LIN,Linde Plc
LKQ,LKQ Corp
LLY,Eli Lilly
LMT,Lockheed Martin Corp
LNC,Lincoln National Corp
LNT,Alliant Energy Corp
LOW,Lowes Companies Inc
LRCX,Lam Research Corp
LUMN,"CenturyLink, Inc."
LUV,Southwest Airlines
LVS,Las Vegas Sands Corp
LW,Lamb Weston Holdings Inc
LYB,Lyondellbasell Industries NV
LYV,Live Nation Entertainment Inc
MA,Mastercard Inc Class A
MAA,"Mid-America Apartment Communities, Inc"
MAR,Marriott International Inc
MAS,Masco Corp
MCD,Mcdonalds Corp
MCHP,Microchip Technology Inc
MCK,Mckesson Corp
MCO,Moodys Corp
MDLZ,Mondelez International Inc
MDT,Medtronic Plc
MET,Metlife Inc
MGM,MGM Resorts International
MHK,Mohawk Industries Inc
MKC,McCormick & Co  Non-voting
MKTX,Marketaxess Holdings Inc
MLM,Martin Marietta Materials Inc
MMC,Marsh & McLennan Inc
MMM,3M
MNST,Monster Beverage Corp
MO,Altria Group Inc
MOH,Molina Healthcare Inc
MOS,Mosaic
MPC,Marathon Petroleum Corp
MPWR,Monolithic Power Systems Inc
MRK,Merck & Co Inc
MRNA,"Moderna, Inc."
MRO,Marathon Oil Corp
MS,Morgan Stanley
MSCI,MSCI Inc
MSFT,Microsoft Corp
MSI,Motorola Solutions Inc
MTB,M&T Bank Corp
MTCH,Match Group Inc
MTD,Mettler Toledo Inc
MU,Micron Technology Inc
NCLH,Norwegian Cruise Line Holdings Ltd
NDAQ,Nasdaq Inc
NDSN,Nordson Corp
NEE,Nextera Energy Inc
NEM,Newmont Corporation
NFLX,Netflix Inc
NI,Nisource Inc
NKE,Nike Inc Class B
NLOK,NortonLifeLock Inc.
NLSN,Nielsen Holdings Plc
NOC,Northrop Grumman Corp
NOW,Servicenow Inc
NRG,NRG Energy Inc
NSC,Norfolk Southern Corp
NTAP,NetApp Inc
NTRS,Northern Trust Corporation
NUE,Nucor Corp
NVDA,Nvidia Corp
NVR,"NVR, Inc."
NWL,Newell Brands Inc
NWS,News Corp Class B
NWSA,News Corp Class A
NXPI,NXP Semiconductors Nv
O,Realty Income Corporation
ODFL,Old Dominion Freight Line Inc
OGN,Organon & Co.
OKE,Oneok Inc
OMC,Omnicom Group Inc
ORCL,Oracle Corp
ORLY,Oreilly Automotive Inc
OTIS,Otis Worldwide Corporation
OXY,Occidental Petroleum Corp
PARA,Paramount Global - Class B
PAYC,Paycom Software Inc
PAYX,Paychex Inc
PBCT,Peoples United Financial Inc
PCAR,Paccar Inc
PEAK,"Healthpeak Properties, Inc."
PEG,Public Service Enterprise Group Inc
PENN,Penn National Gaming Inc
PEP,Pepsico Inc
PFE,Pfizer Inc
PFG,Principal Financial Group Inc
PG,Procter & Gamble
PGR,Progressive Corp
PH,Parker-Hannifin Corp
PHM,Pultegroup Inc
PKG,Packaging Corp Of America
PKI,Perkinelmer Inc
PLD,"Prologis, Inc"
PM,Philip Morris International Inc
PNC,"PNC Financial Services Group, Inc."
PNR,Pentair
PNW,Pinnacle West Corp
POOL,Pool Corp
PPG,PPG Industries Inc
PPL,PPL Corporation
PRU,Prudential Financial Inc
PSA,Public Storage
PSX,Phillips 66
PTC,PTC Inc
PVH,PVH Corp
PWR,Quanta Services Inc
PXD,Pioneer Natural Resource
PYPL,Paypal Holdings Inc
QCOM,Qualcomm Inc
QRVO,"Qorvo, Inc."
RCL,Royal Caribbean Cruises Ltd
RE,Everest Re Group Ltd
REG,Regency Centers Corporation
REGN,Regeneron Pharmaceuticals Inc
RF,Regions Financial Corp
RHI,Robert Half
RJF,Raymond James Inc
RL,Ralph Lauren Corp Class A
RMD,Resmed Inc
ROK,Rockwell Automation Inc
ROL,Rollins Inc
ROP,Roper Technologies Inc
ROST,Ross Stores Inc
RSG,Republic Services Inc
RTX,Raytheon Technologies Corporation
SBAC,SBA Communications Corporation
SBNY,Signature Bank
SBUX,Starbucks Corp
SCHW,Charles Schwab Corporation
SEDG,SolarEdge Technologies Inc
SEE,Sealed Air Corp
SHW,Sherwin Williams
SIVB,SVB Financial Group
SJM,J.M. Smucker
SLB,Schlumberger Nv
SNA,Snap On Inc
SNPS,Synopsys Inc
SO,Southern Co
SPG,"Simon Property Group, Inc"
SPGI,S&P Global Inc
SRE,Sempra Energy
STE,STERIS PLC
STT,State Street Corp
STX,Seagate Technology Plc
STZ,Constellation Brands Class A
SWK,Stanley Black & Decker Inc
SWKS,Skyworks Solutions Inc
SYF,Synchrony Financial
SYK,Stryker Corp
SYY,Sysco Corp
T,AT&T Inc.
TAP,Molson Coors Brewing Class B
TDG,Transdigm Group Inc
TDY,Teledyne Technologies Inc
TECH,Bio-Techne Corp
TEL,TE Connectivity Ltd
TER,Teradyne Inc
TFC,Truist Financial Corporation
TFX,Teleflex Inc
TGT,Target Corp
TJX,"TJX Companies, Inc."
TMO,Thermo Fisher Scientific Inc
TMUS,T Mobile US Inc
TPR,Tapestry
TRMB,Trimble Inc
TROW,T Rowe Price Group Inc
TRV,Travelers Companies Inc
TSCO,Tractor Supply
TSLA,Tesla Inc
TSN,Tyson Foods Inc Class A
TT,Trane Technologies plc
TTWO,Take Two Interactive Software Inc
TWTR,Twitter Inc
TXN,Texas Instrument Inc
TXT,Textron Inc
TYL,Tyler Technologies Inc
UA,Under Armour Inc Class C
UAA,Under Armour Inc Class A
UAL,United Continental Holdings Inc
UDR,"UDR, Inc"
UHS,Universal Health Services Inc.
ULTA,Ulta Beauty Inc
UNH,Unitedhealth Group Inc
UNP,Union Pacific Corp
UPS,United Parcel Service Inc Class B
URI,United Rentals Inc
USB,US Bancorp
V,Visa Inc Class A
VFC,VF Corp
VLO,Valero Energy Corp
VMC,Vulcan Materials
VNO,Vornado Realty Trust
VRSK,Verisk Analytics Inc
VRSN,Verisign Inc
VRTX,Vertex Pharmaceuticals Inc
VTR,"Ventas, Inc"
VTRS,Viatris Inc.
VZ,Verizon Communications Inc
WAB,Westinghouse Air Brake Technologies
WAT,Waters Corp
WBA,Walgreen Boots Alliance Inc
WDC,Western Digital Corp
WEC,WEC Energy Group Inc
WELL,Welltower Inc
WFC,Wells Fargo
WHR,Whirlpool Corp
WM,Waste Management Inc
WMB,Williams Inc
WMT,Walmart Stores Inc
WRB,WR Berkley Corp
WRK,Westrock
WST,West Pharmaceutical Services Inc
WTW,Willis Towers Watson Public Limited Company
WY,Weyerhaeuser Company
WYNN,Wynn Resorts Ltd
XEL,Xcel Energy Inc
XOM,Exxon Mobil Corp
XRAY,Dentsply Sirona Inc
XYL,Xylem Inc
YUM,Yum Brands Inc
ZBH,Zimmer Biomet Holdings Inc
ZBRA,Zebra Technologies Corp
ZION,Zions Bancorporation
ZTS,Zoetis Inc
